{
  "books": [
    {
      "id": "3",
      "Year": 1977,
      "Title": "The Shining",
      "author": "Clive Barker",
      "isAvailable": true,
      "isbn": [
        "978-0-385-12167-5",
        "978-0-385-12167-6",
        "978-0-385-12167-7",
        "978-0-385-12167-8",
        "978-0-385-12167-9"
      ],
      "rent": 12,
      "genre": "Mystery",
      "cover": "https://covers.openlibrary.org/b/id/10571285-L.jpg",
      "rating": 4.7
    },
    {
      "id": "4",
      "Year": 1978,
      "Title": "The Stand",
      "author": "Anne Rice",
      "isAvailable": true,
      "isbn": [
        "978-0-385-12168-0",
        "978-0-385-12168-1",
        "978-0-385-12168-2",
        "978-0-385-12168-3",
        "978-0-385-12168-4"
      ],
      "rent": 12,
      "genre": "Fantasy",
      "cover": "https://covers.openlibrary.org/b/id/11103154-L.jpg",
      "rating": 4.3
    },
    {
      "id": "5",
      "Year": 1979,
      "Title": "The Dead Zone",
      "author": "Peter Straub",
      "isAvailable": true,
      "isbn": [
        "978-0-385-12169-0",
        "978-0-385-12169-1",
        "978-0-385-12169-2",
        "978-0-385-12169-3",
        "978-0-385-12169-4"
      ],
      "rent": 10,
      "genre": "Suspense",
      "cover": "https://covers.openlibrary.org/b/id/11237032-L.jpg",
      "rating": 3.8
    },
    {
      "id": "6",
      "Year": 1980,
      "Title": "Firestarter",
      "author": "James Herbert",
      "isAvailable": true,
      "isbn": [
        "978-0-385-12170-0",
        "978-0-385-12170-1",
        "978-0-385-12170-2",
        "978-0-385-12170-3",
        "978-0-385-12170-4"
      ],
      "rent": 11,
      "genre": "Sci-Fi",
      "cover": "https://covers.openlibrary.org/b/id/8231991-L.jpg",
      "rating": 4.1
    },
    {
      "id": "7",
      "Year": 1981,
      "Title": "Cujo",
      "author": "Graham Masterton",
      "isAvailable": true,
      "isbn": [
        "978-0-385-12171-0",
        "978-0-385-12171-1",
        "978-0-385-12171-2",
        "978-0-385-12171-3",
        "978-0-385-12171-4"
      ],
      "rent": 10,
      "genre": "Horror",
      "cover": "https://covers.openlibrary.org/b/id/8231936-L.jpg",
      "rating": 2.9
    },
    {
      "id": "8",
      "Year": 1982,
      "Title": "The Running Man",
      "author": "Richard Bachman",
      "isAvailable": true,
      "isbn": [
        "978-0-385-12172-0",
        "978-0-385-12172-1",
        "978-0-385-12172-2",
        "978-0-385-12172-3",
        "978-0-385-12172-4"
      ],
      "rent": 12,
      "genre": "Thriller",
      "cover": "https://covers.openlibrary.org/b/id/10360563-L.jpg",
      "rating": 3.5
    },
    {
      "id": "9",
      "Year": 1983,
      "Title": "Christine",
      "author": "Ramsey Campbell",
      "isAvailable": true,
      "isbn": [
        "978-0-385-12173-0",
        "978-0-385-12173-1",
        "978-0-385-12173-2",
        "978-0-385-12173-3",
        "978-0-385-12173-4"
      ],
      "rent": 12,
      "genre": "Mystery",
      "cover": "https://covers.openlibrary.org/b/id/8231918-L.jpg",
      "rating": 4.8
    },
    {
      "id": "10",
      "Year": 1984,
      "Title": "Thinner",
      "author": "Richard Laymon",
      "isAvailable": true,
      "isbn": [
        "978-0-385-12174-0",
        "978-0-385-12174-1",
        "978-0-385-12174-2",
        "978-0-385-12174-3",
        "978-0-385-12174-4"
      ],
      "rent": 11,
      "genre": "Fantasy",
      "cover": "https://covers.openlibrary.org/b/id/8232002-L.jpg",
      "rating": 3.2
    },
    {
      "id": "11",
      "Year": 1985,
      "Title": "Skeleton Crew",
      "author": "Brian Lumley",
      "isAvailable": true,
      "isbn": [
        "978-0-385-12175-0",
        "978-0-385-12175-1",
        "978-0-385-12175-2",
        "978-0-385-12175-3",
        "978-0-385-12175-4"
      ],
      "rent": 12,
      "genre": "Suspense",
      "cover": "https://covers.openlibrary.org/b/id/10571286-L.jpg",
      "rating": 4.4
    },
    {
      "id": "12",
      "Year": 1986,
      "Title": "It",
      "author": "Stephen King",
      "isAvailable": true,
      "isbn": [
        "978-0-385-12176-0",
        "978-0-385-12176-1",
        "978-0-385-12176-2",
        "978-0-385-12176-3",
        "978-0-385-12176-4"
      ],
      "rent": 15,
      "genre": "Horror",
      "cover": "https://covers.openlibrary.org/b/id/10570947-L.jpg",
      "rating": 4.9
    },
    {
      "id": "13",
      "Year": 1987,
      "Title": "Misery",
      "author": "Shirley Jackson",
      "isAvailable": true,
      "isbn": [
        "978-0-385-12177-0",
        "978-0-385-12177-1",
        "978-0-385-12177-2",
        "978-0-385-12177-3",
        "978-0-385-12177-4"
      ],
      "rent": 12,
      "genre": "Thriller",
      "cover": "https://covers.openlibrary.org/b/id/8231901-L.jpg",
      "rating": 4
    },
    {
      "id": "14",
      "Year": 1989,
      "Title": "The Dark Half",
      "author": "Richard Matheson",
      "isAvailable": true,
      "isbn": [
        "978-0-385-12178-0",
        "978-0-385-12178-1",
        "978-0-385-12178-2",
        "978-0-385-12178-3",
        "978-0-385-12178-4"
      ],
      "rent": 11,
      "genre": "Mystery",
      "cover": "https://covers.openlibrary.org/b/id/8232015-L.jpg",
      "rating": 2.4
    },
    {
      "id": "15",
      "Year": 1991,
      "Title": "Needful Things",
      "author": "Anne Rice",
      "isAvailable": true,
      "isbn": [
        "978-0-385-12179-0",
        "978-0-385-12179-1",
        "978-0-385-12179-2",
        "978-0-385-12179-3",
        "978-0-385-12179-4"
      ],
      "rent": 14,
      "genre": "Fantasy",
      "cover": "https://covers.openlibrary.org/b/id/10570946-L.jpg",
      "rating": 3.7
    },
    {
      "id": "1756463398096",
      "Year": 2025,
      "Title": "harry pottor",
      "author": "jk.rowling",
      "genre": "fanstasy",
      "rent": 50,
      "isAvailable": true,
      "isbn": [],
      "cover": "image",
      "rating": 4.6
    },
    {
      "id": "1756463467483",
      "Year": 2025,
      "Title": "harry potter part 7",
      "author": "jk.rowling",
      "genre": "fanstasy",
      "rent": 50,
      "isAvailable": true,
      "isbn": [],
      "cover": "image",
      "rating": 4.9
    },
    {
      "id": "1756632728831",
      "Year": 2025,
      "Title": "harry potter part 7",
      "author": "jk.rowling",
      "genre": "fanstasy",
      "rent": 50,
      "isAvailable": "",
      "isbn": [],
      "cover": "image",
      "rating": 1.8
    },
    {
      "id": "1756838354924",
      "Year": 2025,
      "Title": "kalki",
      "author": " Kevin Missal",
      "genre": "historical",
      "rent": 34,
      "isAvailable": true,
      "isbn": [],
      "cover": "https://www.google.com/url?sa=i&url=https%3A%2F%2Frekhtabooks.com%2Fproducts%2Fdharmayoddha-kalki-book-1-avatar-of-vishnu-marathi%3Fsrsltid%3DAfmBOorRW4-lPxB5fKjjOJGkQ6O9OZN2cuShtGnFkWo2V4mkzHokE-2X&psig=AOvVaw2PL41tQnoXJF3J7eaoWJzD&ust=1756483932170000&source=images&cd=vfe&opi=89978449&ved=0CBUQjRxqFwoTCLiZu-PyrY8DFQAAAAAdAAAAABAE"
    }
  ],
  "member": [
    {
      "memberId": 1,
      "name": "Kunal Sharma",
      "email": "kunalsharma@gmail.com",
      "phone": "1548796232",
      "address": "123 Main St, Surat, Gujarat",
      "memberShipType": "student",
      "activeStatus": true,
      "profileImage": "https://randomuser.me/api/portraits/men/1.jpg",
      "id": "870e"
    },
    {
      "memberId": 2,
      "name": "Priya Patel",
      "email": "priya.patel99@gmail.com",
      "phone": "9876543210",
      "address": "45 Ring Road, Ahmedabad, Gujarat",
      "memberShipType": "faculty",
      "activeStatus": false,
      "profileImage": "https://randomuser.me/api/portraits/women/2.jpg",
      "id": "9854"
    },
    {
      "memberId": 3,
      "name": "Arjun Mehta",
      "email": "arjun.mehta21@yahoo.com",
      "phone": "8523697412",
      "address": "67 Civil Lines, Vadodara, Gujarat",
      "memberShipType": "public",
      "activeStatus": true,
      "profileImage": "https://randomuser.me/api/portraits/men/3.jpg",
      "id": "c0ee"
    },
    {
      "memberId": 4,
      "name": "Sneha Desai",
      "email": "sneha.desai88@gmail.com",
      "phone": "9632587410",
      "address": "78 Station Road, Rajkot, Gujarat",
      "memberShipType": "student",
      "activeStatus": false,
      "profileImage": "https://randomuser.me/api/portraits/women/4.jpg",
      "id": "55ed"
    },
    {
      "memberId": 5,
      "name": "Rohan Verma",
      "email": "rohan.verma56@gmail.com",
      "phone": "7410258963",
      "address": "12 Park Avenue, Surat, Gujarat",
      "memberShipType": "faculty",
      "activeStatus": true,
      "profileImage": "https://randomuser.me/api/portraits/men/5.jpg",
      "id": "6831"
    },
    {
      "memberId": 6,
      "name": "Aditi Shah",
      "email": "aditi.shah01@gmail.com",
      "phone": "7896541230",
      "address": "99 Ashram Road, Ahmedabad, Gujarat",
      "memberShipType": "public",
      "activeStatus": false,
      "profileImage": "https://randomuser.me/api/portraits/women/6.jpg",
      "id": "02a6"
    },
    {
      "memberId": 7,
      "name": "Manish Kumar",
      "email": "manish.kumar77@gmail.com",
      "phone": "6352148795",
      "address": "45 River Side, Vadodara, Gujarat",
      "memberShipType": "student",
      "activeStatus": true,
      "profileImage": "https://randomuser.me/api/portraits/men/7.jpg",
      "id": "70fd"
    },
    {
      "memberId": 8,
      "name": "Neha Singh",
      "email": "neha.singh45@yahoo.com",
      "phone": "8521479630",
      "address": "32 Gandhi Road, Rajkot, Gujarat",
      "memberShipType": "faculty",
      "activeStatus": false,
      "profileImage": "https://randomuser.me/api/portraits/women/8.jpg",
      "id": "d799"
    },
    {
      "memberId": 9,
      "name": "Vivek Joshi",
      "email": "vivek.joshi23@gmail.com",
      "phone": "7412589630",
      "address": "56 City Center, Surat, Gujarat",
      "memberShipType": "public",
      "activeStatus": true,
      "profileImage": "https://randomuser.me/api/portraits/men/9.jpg",
      "id": "a167"
    },
    {
      "memberId": 10,
      "name": "Pooja Reddy",
      "email": "pooja.reddy98@gmail.com",
      "phone": "9638527412",
      "address": "85 Lajpat Nagar, Ahmedabad, Gujarat",
      "memberShipType": "student",
      "activeStatus": false,
      "profileImage": "https://randomuser.me/api/portraits/women/10.jpg",
      "id": "3bb7"
    },
    {
      "memberId": 11,
      "name": "Aman Gupta",
      "email": "aman.gupta01@gmail.com",
      "phone": "7891234560",
      "address": "101 Patel Colony, Vadodara, Gujarat",
      "memberShipType": "faculty",
      "activeStatus": true,
      "profileImage": "https://randomuser.me/api/portraits/men/11.jpg",
      "id": "4804"
    },
    {
      "memberId": 12,
      "name": "Ritika Jain",
      "email": "ritika.jain55@gmail.com",
      "phone": "9637412580",
      "address": "77 New City Road, Rajkot, Gujarat",
      "memberShipType": "public",
      "activeStatus": false,
      "profileImage": "https://randomuser.me/api/portraits/women/12.jpg",
      "id": "3ebb"
    },
    {
      "memberId": 13,
      "name": "Deepak Yadav",
      "email": "deepak.yadav99@gmail.com",
      "phone": "7413698520",
      "address": "19 Green Park, Surat, Gujarat",
      "memberShipType": "student",
      "activeStatus": true,
      "profileImage": "https://randomuser.me/api/portraits/men/13.jpg",
      "id": "6d7f"
    },
    {
      "memberId": 14,
      "name": "Shivani Nair",
      "email": "shivani.nair11@gmail.com",
      "phone": "8529637410",
      "address": "200 Lake View, Ahmedabad, Gujarat",
      "memberShipType": "faculty",
      "activeStatus": false,
      "profileImage": "https://randomuser.me/api/portraits/women/14.jpg",
      "id": "dd9f"
    },
    {
      "memberId": 15,
      "name": "Rajesh Pillai",
      "email": "rajesh.pillai23@yahoo.com",
      "phone": "7410852963",
      "address": "56 Hill Colony, Vadodara, Gujarat",
      "memberShipType": "public",
      "activeStatus": true,
      "profileImage": "https://randomuser.me/api/portraits/men/15.jpg",
      "id": "560f"
    },
    {
      "memberId": 16,
      "name": "Komal Trivedi",
      "email": "komal.trivedi88@gmail.com",
      "phone": "9632014785",
      "address": "87 Civil Lines, Rajkot, Gujarat",
      "memberShipType": "student",
      "activeStatus": false,
      "profileImage": "https://randomuser.me/api/portraits/women/16.jpg",
      "id": "990f"
    },
    {
      "memberId": 17,
      "name": "Alok Mishra",
      "email": "alok.mishra45@gmail.com",
      "phone": "7410258960",
      "address": "65 MG Road, Surat, Gujarat",
      "memberShipType": "faculty",
      "activeStatus": true,
      "profileImage": "https://randomuser.me/api/portraits/men/17.jpg",
      "id": "65a6"
    },
    {
      "memberId": 18,
      "name": "Meera Iyer",
      "email": "meera.iyer22@gmail.com",
      "phone": "8521479635",
      "address": "88 Ashram Road, Ahmedabad, Gujarat",
      "memberShipType": "public",
      "activeStatus": false,
      "profileImage": "https://randomuser.me/api/portraits/women/18.jpg",
      "id": "efc8"
    },
    {
      "memberId": 19,
      "name": "Karan Thakur",
      "email": "karan.thakur77@gmail.com",
      "phone": "7412589635",
      "address": "44 River Side, Vadodara, Gujarat",
      "memberShipType": "student",
      "activeStatus": true,
      "profileImage": "https://randomuser.me/api/portraits/men/19.jpg",
      "id": "0b35"
    },
    {
      "memberId": 20,
      "name": "Simran Kaur",
      "email": "simran.kaur99@gmail.com",
      "phone": "9632587415",
      "address": "23 Gandhi Road, Rajkot, Gujarat",
      "memberShipType": "faculty",
      "activeStatus": false,
      "profileImage": "https://randomuser.me/api/portraits/women/20.jpg",
      "id": "db8a"
    },
    {
      "memberId": 21,
      "name": "Nikhil Saxena",
      "email": "nikhil.saxena55@gmail.com",
      "phone": "7896541236",
      "address": "11 Park Avenue, Surat, Gujarat",
      "memberShipType": "public",
      "activeStatus": true,
      "profileImage": "https://randomuser.me/api/portraits/men/21.jpg",
      "id": "2cc4"
    },
    {
      "memberId": 22,
      "name": "Tanvi Deshmukh",
      "email": "tanvi.deshmukh12@gmail.com",
      "phone": "9638527415",
      "address": "34 Lajpat Nagar, Ahmedabad, Gujarat",
      "memberShipType": "student",
      "activeStatus": false,
      "profileImage": "https://randomuser.me/api/portraits/women/22.jpg",
      "id": "a71c"
    },
    {
      "memberId": 23,
      "name": "Suresh Rathi",
      "email": "suresh.rathi01@gmail.com",
      "phone": "7412589636",
      "address": "70 Patel Colony, Vadodara, Gujarat",
      "memberShipType": "faculty",
      "activeStatus": true,
      "profileImage": "https://randomuser.me/api/portraits/men/23.jpg",
      "id": "6d83"
    },
    {
      "memberId": 24,
      "name": "Anjali Kapoor",
      "email": "anjali.kapoor33@gmail.com",
      "phone": "9637412589",
      "address": "89 New City Road, Rajkot, Gujarat",
      "memberShipType": "public",
      "activeStatus": false,
      "profileImage": "https://randomuser.me/api/portraits/women/24.jpg",
      "id": "563a"
    },
    {
      "memberId": 25,
      "name": "Harsh Vardhan",
      "email": "harsh.vardhan56@gmail.com",
      "phone": "7413698525",
      "address": "39 Green Park, Surat, Gujarat",
      "memberShipType": "student",
      "activeStatus": true,
      "profileImage": "https://randomuser.me/api/portraits/men/25.jpg",
      "id": "c29d"
    },
    {
      "memberId": 26,
      "name": "Radhika Menon",
      "email": "radhika.menon77@gmail.com",
      "phone": "8529637415",
      "address": "300 Lake View, Ahmedabad, Gujarat",
      "memberShipType": "faculty",
      "activeStatus": false,
      "profileImage": "https://randomuser.me/api/portraits/women/26.jpg",
      "id": "a35c"
    },
    {
      "memberId": 27,
      "name": "Sanjay Goyal",
      "email": "sanjay.goyal89@gmail.com",
      "phone": "7410852965",
      "address": "120 Hill Colony, Vadodara, Gujarat",
      "memberShipType": "public",
      "activeStatus": true,
      "profileImage": "https://randomuser.me/api/portraits/men/27.jpg",
      "id": "9e70"
    },
    {
      "memberId": 28,
      "name": "Divya Choudhary",
      "email": "divya.choudhary45@gmail.com",
      "phone": "9632014789",
      "address": "45 Civil Lines, Rajkot, Gujarat",
      "memberShipType": "student",
      "activeStatus": false,
      "profileImage": "https://randomuser.me/api/portraits/women/28.jpg",
      "id": "d3d6"
    },
    {
      "memberId": 29,
      "name": "Akash Bansal",
      "email": "akash.bansal66@gmail.com",
      "phone": "7410258969",
      "address": "89 MG Road, Surat, Gujarat",
      "memberShipType": "faculty",
      "activeStatus": true,
      "profileImage": "https://randomuser.me/api/portraits/men/29.jpg",
      "id": "3805"
    },
    {
      "memberId": 30,
      "name": "Shruti Malhotra",
      "email": "shruti.malhotra22@gmail.com",
      "phone": "8521479639",
      "address": "110 Ashram Road, Ahmedabad, Gujarat",
      "memberShipType": "public",
      "activeStatus": false,
      "profileImage": "https://randomuser.me/api/portraits/women/30.jpg",
      "id": "0579"
    }
  ],
  "fines": [
    {
      "id": "1",
      "title": "om"
    }
  ],
  "issue": [
    {
      "id": "883c"
    },
    {
      "id": "2ijsdjkwskj"
    }
  ],
  "reservations": [
    {
      "id": "ihjdd"
    },
    {
      "id": "ihjdd"
    },
    {
      "id": "ihjdd"
    },
    {
      "id": "ihjdd"
    },
    {
      "id": "ihjdd"
    }
  ]
}